id,pred
S_507_509,0.364026342552129
S_507_511,0.0378430599995635
S_507_512,0.111861572523857
S_507_521,0.0832884979130045
S_507_536,0.117228529553711
S_507_538,0.437406993787703
S_507_549,0.0855359744939274
S_507_553,0.439391736466741
S_507_556,0.0959663781573741
S_507_559,0.101117032173249
S_507_562,0.0654910922627834
S_507_569,0.125810482074796
S_507_570,0.235836510884315
S_507_577,0.0631089026288402
S_507_580,0.285973462713351
S_507_592,0.0378181581366707
S_507_599,0.107697017892373
S_507_607,0.0874153536421502
S_507_612,0.140319934485004
S_507_628,0.11682173233301
S_507_629,0.0569182652256597
S_507_636,0.0534326536862753
S_507_637,0.104778305084388
S_507_640,0.0859184147082429
S_507_651,0.0823610719179487
S_507_658,0.194875436130997
S_507_663,0.0906374144617288
S_507_666,0.117054687948317
S_507_667,0.258508394160185
S_507_670,0.0632588749949286
S_507_671,0.0637118618780704
S_507_686,0.43147077251784
S_507_689,0.152617194494222
S_507_694,0.257526755185548
S_507_695,0.126031660905787
S_507_698,0.118831317349496
S_507_701,0.081947151573747
S_507_702,0.209762319479941
S_507_708,0.0827062057555769
S_507_720,0.0834333288516094
S_507_721,0.0815749066500893
S_507_722,0.105124398717767
S_507_725,0.0846601873948234
S_507_731,0.0847409962879977
S_507_737,0.112441381029434
S_507_754,0.0663189967077566
S_507_765,0.155518669804028
S_507_779,0.113347133900846
S_507_780,0.0940269375087908
S_507_783,0.118363162305074
S_507_786,0.0497505916993059
S_507_790,0.117077559430024
S_507_793,0.0869966493750477
S_507_802,0.223045275910068
S_507_804,0.534780272589252
S_507_810,0.0660429918011454
S_507_811,0.275664370981287
S_507_825,0.0968290359210578
S_507_829,0.0471576357186455
S_507_830,0.0556381419212903
S_507_836,0.19648538350794
S_507_842,0.388750627013917
S_507_845,0.28340768422773
S_507_846,0.0467369115004787
S_507_849,0.0520683843248598
S_507_850,0.428735494852182
S_507_853,0.111084637105209
S_509_511,0.064296162798734
S_509_512,0.180356423162242
S_509_521,0.13698608730768
S_509_536,0.188312870311197
S_509_538,0.575966867260123
S_509_549,0.140460535200584
S_509_553,0.577934465301887
S_509_556,0.156442737144713
S_509_559,0.16424952112118
S_509_562,0.10907970513984
S_509_569,0.200914321041568
S_509_570,0.350301992233977
S_509_577,0.10529065008333
S_509_580,0.411664128223144
S_509_592,0.0642550164789439
S_509_599,0.174141834622802
S_509_607,0.143357520983393
S_509_612,0.221886858738519
S_509_628,0.187711853798295
S_509_629,0.0953834775117262
S_509_636,0.0897665118023848
S_509_637,0.169764988817786
S_509_640,0.141050670576337
S_509_651,0.135549145518463
S_509_658,0.297191961488901
S_509_663,0.148306467551213
S_509_666,0.188056071716374
S_509_667,0.378527069603853
S_509_670,0.105529572457425
S_509_671,0.106250919785863
S_509_686,0.570055589450226
S_509_689,0.23934227449783
S_509_694,0.377321597735327
S_509_695,0.201237140562778
S_509_698,0.190677620172897
S_509_701,0.134907217143779
S_509_702,0.316819308154016
S_509_708,0.136084110483417
S_509_720,0.137210317277649
S_509_721,0.134329601520624
S_509_722,0.170284909019472
S_509_725,0.13910793200604
S_509_731,0.139232806437454
S_509_737,0.181218817869768
S_509_754,0.110393541692441
S_509_765,0.243418894825718
S_509_779,0.182564636825817
S_509_780,0.153488602267078
S_509_783,0.189987443078516
S_509_786,0.0838023382494221
S_509_790,0.188089860943574
S_509_793,0.142712766849688
S_509_802,0.33401608057977
S_509_804,0.667583780592551
S_509_810,0.109955709939166
S_509_811,0.399358228302019
S_509_825,0.157754163002398
S_509_829,0.0795832707280087
S_509_830,0.0933238577462656
S_509_836,0.2993329264854
S_509_842,0.526316650691646
S_509_845,0.408615995474204
S_509_846,0.0788972099468304
S_509_849,0.0875603626698181
S_509_850,0.567318440755456
S_509_853,0.179199744604717
S_511_512,0.762034205051934
S_511_521,0.697885215689467
S_511_536,0.771497959371203
S_511_538,0.951847767064694
S_511_549,0.70398124086542
S_511_553,0.952215904393616
S_511_556,0.729652715928436
S_511_559,0.740939183932306
S_511_562,0.640520263351934
S_511_569,0.785364961961666
S_511_570,0.886962895439316
S_511_577,0.631352808326875
S_511_580,0.910577677002262
S_511_592,0.499828968157543
S_511_599,0.754219786260807
S_511_607,0.708914948702853
S_511_612,0.805823113647057
S_511_628,0.77080319164987
S_511_629,0.605442165156015
S_511_636,0.589357486682975
S_511_637,0.748476863853756
S_511_640,0.704997061927601
S_511_651,0.695304905805572
S_511_658,0.860217008208506
S_511_663,0.717045494149579
S_511_666,0.771201493593477
S_511_667,0.898620899515639
S_511_670,0.631942315418565
S_511_671,0.633712644505702
S_511_686,0.950728233311626
S_511_689,0.820760759229952
S_511_694,0.898152817593413
S_511_695,0.785703507906262
S_511_698,0.774200925447426
S_511_701,0.69414071527619
S_511_702,0.870948498525646
S_511_708,0.696269668612573
S_511_720,0.698284694358712
S_511_721,0.693087022623424
S_511_722,0.749169839083713
S_511_725,0.70163171010512
S_511_731,0.701849872619795
S_511_737,0.763088512322973
S_511_754,0.643610962046456
S_511_765,0.824012557718625
S_511_779,0.764719649552188
S_511_780,0.725179630140851
S_511_783,0.773417044713549
S_511_786,0.571023405676326
S_511_790,0.771240535396653
S_511_793,0.707828324078
S_511_802,0.879501998871881
S_511_804,0.966916456062155
S_511_810,0.64258590726687
S_511_811,0.906332858884998
S_511_825,0.731601865469414
S_511_829,0.557192694146682
S_511_830,0.59966981441092
S_511_836,0.861442467713039
S_511_842,0.941759175582429
S_511_845,0.90954642689987
S_511_846,0.55487143520391
S_511_849,0.582733666646907
S_511_850,0.950202853176575
S_511_853,0.760608839812827
S_512_521,0.419064014746164
S_512_536,0.51322800936331
S_512_538,0.860586896748561
S_512_549,0.426160032324908
S_512_553,0.861551264576052
S_512_556,0.457353078379824
S_512_559,0.471777830322252
S_512_562,0.357497680896447
S_512_569,0.533286927711976
S_512_570,0.710172612738674
S_512_577,0.348454463158738
S_512_580,0.760758845914229
S_512_592,0.237841758842809
S_512_599,0.48934701843996
S_512_607,0.431988073482159
S_512_612,0.564447055615049
S_512_628,0.512244431213786
S_512_629,0.323951460006382
S_512_636,0.309479330656472
S_512_637,0.481668424533949
S_512_640,0.427353715162108
S_512_651,0.41609477588342
S_512_658,0.657737748427641
S_512_663,0.441762686049868
S_512_666,0.51280805988482
S_512_667,0.734608146225567
S_512_670,0.349029913817068
S_512_671,0.350763001566696
S_512_686,0.857662848315665
S_512_689,0.588470408256537
S_512_694,0.733607283717414
S_512_695,0.533787050107478
S_512_698,0.517073704554417
S_512_701,0.414761708517524
S_512_702,0.6781988632392
S_512_708,0.417202590193931
S_512_720,0.419525519050125
S_512_721,0.413558684231478
S_512_722,0.482588331631905
S_512_725,0.423411466758197
S_512_731,0.42366595798245
S_512_737,0.501455728386748
S_512_754,0.360592607398399
S_512_765,0.593851065258538
S_512_779,0.503716684839438
S_512_780,0.451759824029128
S_512_783,0.515955279189456
S_512_786,0.293626277051832
S_512_790,0.512863342501162
S_512_793,0.430697859124515
S_512_802,0.695054709000152
S_512_804,0.901251808131927
S_512_810,0.359563537585175
S_512_811,0.751344280303356
S_512_825,0.459812007423096
S_512_829,0.282096070567899
S_512_830,0.318695123630813
S_512_836,0.660036782972525
S_512_842,0.834698366047329
S_512_845,0.758458142210801
S_512_846,0.28019567415998
S_512_849,0.303674893988792
S_512_850,0.85629511658887
S_512_853,0.49803897291675
S_521_536,0.59376245802676
S_521_538,0.895368431959876
S_521_549,0.507269804003762
S_521_553,0.896121245639869
S_521_556,0.538825109593978
S_521_559,0.553199890013535
S_521_562,0.43545597517319
S_521_569,0.613005119939802
S_521_570,0.772562846804282
S_521_577,0.425747474781938
S_521_580,0.815094811860723
S_521_592,0.301970561434474
S_521_599,0.570526237277405
S_521_607,0.513215033273846
S_521_612,0.6424117139127
S_521_628,0.592812502101871
S_521_629,0.399138902496216
S_521_636,0.383211831942381
S_521_637,0.562978168622959
S_521_640,0.508489359927982
S_521_651,0.496947853208033
S_521_658,0.727077641440665
S_521_663,0.523134855346624
S_521_666,0.59335693762953
S_521_667,0.793269447172476
S_521_670,0.426367040252
S_521_671,0.428231523447994
S_521_686,0.893083259129705
S_521_689,0.66468939948115
S_521_694,0.792427301358571
S_521_695,0.613481732143643
S_521_698,0.59747091848754
S_521_701,0.495575600792133
S_521_702,0.745000569104888
S_521_708,0.498087305362442
S_521_720,0.500473849566232
S_521_721,0.49433616798325
S_521_722,0.563884428434602
S_521_725,0.504457988156428
S_521_731,0.504718551301637
S_521_737,0.582352902097651
S_521_754,0.438764912387972
S_521_765,0.66963297088494
S_521_779,0.58455093382725
S_521_780,0.53321453612794
S_521_783,0.596393351817374
S_521_786,0.365581458102825
S_521_790,0.593410327061778
S_521_793,0.511900853695667
S_521_802,0.759597677192808
S_521_804,0.926751553840248
S_521_810,0.43766545443731
S_521_811,0.807276788292893
S_521_825,0.541285137880316
S_521_829,0.352636270172136
S_521_830,0.393372460980123
S_521_836,0.729102740170312
S_521_842,0.875000575873188
S_521_845,0.813188326751381
S_521_846,0.350492670175574
S_521_849,0.376779072480947
S_521_850,0.892013031659856
S_521_853,0.579025128904463
S_536_538,0.854115188240933
S_536_549,0.4132708756569
S_536_553,0.855116786373057
S_536_556,0.444250868910694
S_536_559,0.45861162590752
S_536_562,0.345435104454307
S_536_569,0.520094310038287
S_536_570,0.699159387439287
S_536_577,0.336537193893421
S_536_580,0.750993869706676
S_536_592,0.228381458992739
S_536_599,0.4761324625144
S_536_607,0.419051369874528
S_536_612,0.551394302107835
S_536_628,0.499015784198906
S_536_629,0.312470306046406
S_536_636,0.298284779509375
S_536_637,0.468470997074087
S_536_640,0.414454530857677
S_536_651,0.403296092834455
S_536_658,0.645726001153407
S_536_663,0.428754217355223
S_536_666,0.499579765728515
S_536_667,0.724162803118704
S_536_670,0.337103146486982
S_536_671,0.33880783543585
S_536_686,0.851078891119789
S_536_689,0.575596276368723
S_536_694,0.723137394769043
S_536_695,0.520595860822599
S_536_698,0.503849172550891
S_536_701,0.401975801197792
S_536_702,0.666541147863691
S_536_708,0.404393431262541
S_536_720,0.406694809602265
S_536_721,0.400784465504463
S_536_722,0.469388524218655
S_536_725,0.410545965873114
S_536_731,0.41079823363384
S_536_737,0.488226812187114
S_536_754,0.348482242887949
S_536_765,0.581025416045002
S_536_779,0.490486804636172
S_536_780,0.438688311891212
S_536_783,0.502729574204559
S_536_786,0.282770340443737
S_536_790,0.499635084767181
S_536_793,0.417771375341794
S_536_802,0.683722855844013
S_536_804,0.896440650315019
S_536_810,0.347468952779174
S_536_811,0.741325694649638
S_536_825,0.446697342353777
S_536_829,0.271502577279238
S_536_830,0.307315576484802
S_536_836,0.648062548354362
S_536_842,0.827266099391383
S_536_845,0.748630288012148
S_536_846,0.269646741087815
S_536_849,0.292601333954946
S_536_850,0.849658983473178
S_536_853,0.484812539433789
S_538_549,0.107387504598694
S_538_553,0.502015324448958
S_538_556,0.120132473094854
S_538_559,0.126398810230411
S_538_562,0.0826848531050686
S_538_569,0.156193423445155
S_538_570,0.284153621603744
S_538_577,0.0797306121155294
S_538_580,0.339992252567847
S_538_592,0.048120886608058
S_538_599,0.134378014014369
S_538_607,0.10968941135642
S_538_612,0.173511392333266
S_538_628,0.145394951938685
S_538_629,0.0720348404365141
S_538_636,0.0676899505434757
S_538_637,0.130842244756369
S_538_640,0.107856122026265
S_538_651,0.103493315385182
S_538_658,0.237407802001123
S_538_663,0.113630249204824
S_538_666,0.145675487506959
S_538_667,0.309588605274966
S_538_670,0.0799167150696446
S_538_671,0.0804787380079929
S_538_686,0.493960148151355
S_538_689,0.188081071756781
S_538_694,0.308493697738554
S_538_695,0.15645845662776
S_538_698,0.147813794026301
S_538_701,0.102985110247077
S_538_702,0.254516693075655
S_538_708,0.103916975563414
S_538_720,0.104809269323702
S_538_721,0.102527973072447
S_538_722,0.131261807073794
S_538_725,0.10631399460607
S_538_731,0.106413069397737
S_538_737,0.140113189420862
S_538_754,0.0837106421570255
S_538_765,0.191504396619549
S_538_779,0.141206384711901
S_538_780,0.117768267740702
S_538_783,0.147250538468438
S_538_786,0.0630908977059459
S_538_790,0.145703028416655
S_538_793,0.109176781932348
S_538_802,0.26966656683027
S_538_804,0.596532671595218
S_538_810,0.083368719943078
S_538_811,0.328632093312286
S_538_825,0.12118324441346
S_538_829,0.0598464458448727
S_538_830,0.0704401305905879
S_538_836,0.239264705576617
S_538_842,0.449949541222113
S_538_845,0.337170674872417
S_538_846,0.0593195640568001
S_538_849,0.0659870335620528
S_538_850,0.491170967835675
S_538_853,0.138474644375516
S_549_553,0.893382776641304
S_549_556,0.531590971915934
S_549_559,0.54600125045455
S_549_562,0.428320705295092
S_549_569,0.606083918331208
S_549_570,0.767412531500951
S_549_577,0.418653314965172
S_549_580,0.81067160167924
S_549_592,0.295876212593111
S_549_599,0.563386429185422
S_549_607,0.505947514797767
S_549_612,0.635703889705676
S_549_628,0.585774195343166
S_549_629,0.392185314828488
S_549_636,0.376361916269251
S_549_637,0.55581057363523
S_549_640,0.50121985706293
S_549_651,0.489678965237761
S_549_658,0.721268929234191
S_549_663,0.515875731637433
S_549_666,0.586321474551501
S_549_667,0.78845964013497
S_549_670,0.419270094213678
S_549_671,0.421126326516039
S_549_686,0.890274508582457
S_549_689,0.658177111774938
S_549_694,0.787603147012434
S_549_695,0.606563583682472
S_549_698,0.590457505236958
S_549_701,0.488307301148326
S_549_702,0.739436613167665
S_549_708,0.490818012057733
S_549_720,0.493203951918542
S_549_721,0.487068493795905
S_549_722,0.556719993678935
S_549_725,0.49718781959622
S_549_731,0.497448397187931
S_549_737,0.575263335555991
S_549_754,0.431616876048048
S_549_765,0.663168041183681
S_549_779,0.577471607317464
S_549_780,0.525969815139494
S_549_783,0.589374067175921
S_549_786,0.358863327124154
S_549_790,0.58637514378149
S_549_793,0.504632652902492
S_549_802,0.754247158786
S_549_804,0.924752761974353
S_549_810,0.430521589759329
S_549_811,0.802711825882577
S_549_825,0.534056219711585
S_549_829,0.34602627770936
S_549_830,0.386454720606473
S_549_836,0.723320727453768
S_549_842,0.871784984043624
S_549_845,0.808730212460545
S_549_846,0.343901513075833
S_549_849,0.369975169285762
S_549_850,0.889179654518928
S_549_853,0.571920597628111
S_553_556,0.119282989890157
S_553_559,0.12551133719972
S_553_562,0.0820754692694764
S_553_569,0.155133904758748
S_553_570,0.282516718485322
S_553_577,0.0791411224819373
S_553_580,0.338185647614056
S_553_592,0.0477529769075958
S_553_599,0.133443074941247
S_553_607,0.108904633236567
S_553_612,0.172358394997685
S_553_628,0.144396148442612
S_553_629,0.0714978290223514
S_553_636,0.0671829847574191
S_553_637,0.129928213457811
S_553_640,0.107082882681132
S_553_651,0.102747751522479
S_553_658,0.235951424529797
S_553_663,0.112820849053978
S_553_666,0.144675083094273
S_553_667,0.30786819602789
S_553_670,0.0793259680861808
S_553_671,0.0798841972370896
S_553_686,0.491945215882138
S_553_689,0.186853146106145
S_553_694,0.30677666940612
S_553_695,0.155397471212523
S_553_698,0.146801228399136
S_553_701,0.102242789951502
S_553_702,0.252990179828106
S_553_708,0.103168710885288
S_553_720,0.104055325686717
S_553_721,0.101788573931373
S_553_722,0.130345284365459
S_553_725,0.105550503020023
S_553_731,0.105648950420134
S_553_737,0.139144761861129
S_553_754,0.0830943831194603
S_553_765,0.190259358406215
S_553_779,0.140231633484474
S_553_780,0.116933280576575
S_553_783,0.146241169160086
S_553_786,0.0626160632685388
S_553_790,0.144702466905616
S_553_793,0.10839522491035
S_553_802,0.268081864819959
S_553_804,0.594590955805028
S_553_810,0.0827547507233707
S_553_811,0.326855958306422
S_553_825,0.120327347103949
S_553_829,0.0593944818063568
S_553_830,0.0699141118681468
S_553_836,0.237800489064491
S_553_842,0.447955215368442
S_553_845,0.335371444446812
S_553_846,0.0588713298988227
S_553_849,0.0654919258879917
S_553_850,0.489156415162142
S_553_853,0.137515730868844
S_556_559,0.514494533768224
S_556_562,0.397656725431489
S_556_569,0.575505105671287
S_556_570,0.744068964018021
S_556_577,0.388211449239972
S_556_580,0.790484369688067
S_556_592,0.270212354558679
S_556_599,0.532052187458016
S_556_607,0.474337256018575
S_556_612,0.60592940271638
S_556_628,0.554776937549858
S_556_629,0.362468061913557
S_556_636,0.347158841220449
S_556_637,0.524391622197132
S_556_640,0.469624202842986
S_556_651,0.458142584018129
S_556_658,0.69513398191946
S_556_663,0.484253169703386
S_556_666,0.555334082217935
S_556_667,0.766585961528687
S_556_670,0.388813375386557
S_556_671,0.390625466947859
S_556_686,0.877290208534462
S_556_689,0.629167932316157
S_556_694,0.765667226596975
S_556_695,0.575995957270527
S_556_698,0.559547191183566
S_556_701,0.456780188012291
S_556_702,0.714330453742684
S_556_708,0.459274293026772
S_556_720,0.461645917531939
S_556_721,0.455550156276014
S_556_722,0.525310430704011
S_556_725,0.465609068774497
S_556_731,0.465868430329402
S_556_737,0.544091700744083
S_556_754,0.400882394957717
S_556_765,0.634347111641338
S_556_779,0.546334229600405
S_556_780,0.494360335837692
S_556_783,0.558443131803421
S_556_786,0.330298902778115
S_556_790,0.555388723104336
S_556_793,0.473025890341929
S_556_802,0.730047060477747
S_556_804,0.915460998705148
S_556_810,0.39981024005527
S_556_811,0.781904209577638
S_556_825,0.502475902784659
S_556_829,0.317976878367217
S_556_830,0.356916711001987
S_556_836,0.697297424806751
S_556_842,0.856964263161278
S_556_845,0.788390012620523
S_556_846,0.315941141110526
S_556_849,0.340996692172103
S_556_850,0.876083828711035
S_556_853,0.540699509624764
S_559_562,0.383851379503394
S_559_569,0.561278828875087
S_559_570,0.732869690852482
S_559_577,0.374530122347819
S_559_580,0.78071760947983
S_559_592,0.258929520617308
S_559_599,0.517590342281148
S_559_607,0.45990238261459
S_559_612,0.591999894508407
S_559_628,0.540410742832656
S_559_629,0.349176173998888
S_559_636,0.334134118892824
S_559_637,0.509911104522297
S_559_640,0.455208552729035
S_559_651,0.443784474924758
S_559_658,0.682706498923598
S_559_663,0.469786220265659
S_559_666,0.540970990224119
S_559_667,0.756048960667042
S_559_670,0.375123842423898
S_559_671,0.376911478293568
S_559_686,0.870909157802423
S_559_689,0.615538657831185
S_559_694,0.755102000977381
S_559_695,0.561773604420149
S_559_698,0.545208737647737
S_559_701,0.44242991360244
S_559_702,0.702350423464087
S_559_708,0.44490983817838
S_559_720,0.447268642387347
S_559_721,0.441207138710235
S_559_722,0.510831792066061
S_559_725,0.451211814844719
S_559_731,0.451469931973034
S_559_737,0.529673021740928
S_559_754,0.387037020336369
S_559_765,0.62079346169925
S_559_779,0.531925459499764
S_559_780,0.479872383341417
S_559_783,0.544098020818019
S_559_786,0.317599003862979
S_559_790,0.541025937359314
S_559_793,0.458596108474626
S_559_802,0.718466365452729
S_559_804,0.910863195387859
S_559_810,0.385978038815105
S_559_811,0.771852916081231
S_559_825,0.487979643515585
S_559_829,0.305534608107392
S_559_830,0.343718640857404
S_559_836,0.684918158152633
S_559_842,0.849707314736062
S_559_845,0.778552972323082
S_559_846,0.303543075678537
S_559_849,0.328086975624784
S_559_850,0.869649365930808
S_559_853,0.526266957514619
S_562_569,0.672515953680267
S_562_570,0.814944476785702
S_562_577,0.490101747865209
S_562_580,0.851078609551688
S_562_592,0.359322228688457
S_562_599,0.632654857410069
S_562_607,0.577494661369954
S_562_612,0.699616383137361
S_562_628,0.653674190620208
S_562_629,0.462711949289365
S_562_636,0.44613162208863
S_562_637,0.625481925365004
S_562_640,0.572873663914164
S_562_651,0.561540371315317
S_562_658,0.775471848262503
S_562_663,0.587158295292855
S_562_666,0.654184720602408
S_562_667,0.832628454693939
S_562_670,0.490734933663138
S_562_671,0.492639159966682
S_562_686,0.91546403949063
S_562_689,0.719884197416417
S_562_694,0.831912669743786
S_562_695,0.672958375618934
S_562_698,0.658037971258581
S_562_701,0.560188377245153
S_562_702,0.791129683280834
S_562_708,0.562662273574441
S_562_720,0.565009921298181
S_562_721,0.558966417400741
S_562_722,0.626344597171211
S_562_725,0.568922686693163
S_562_731,0.56917830193328
S_562_737,0.643838693208687
S_562_754,0.503362089961051
S_562_765,0.724351482438453
S_562_779,0.645909887304722
S_562_780,0.596927389266618
S_562_783,0.657029469109675
S_562_786,0.427613403469948
S_562_790,0.654234777581857
S_562_793,0.576210719867413
S_562_802,0.803781672385766
S_562_804,0.94253804200319
S_562_810,0.502245618655989
S_562_811,0.844491757473074
S_562_825,0.604713043563662
S_562_829,0.413904732269202
S_562_830,0.456725187243498
S_562_836,0.777247871721425
S_562_842,0.900745910156815
S_562_845,0.849474623169418
S_562_846,0.411625508635705
S_562_849,0.439395091635182
S_562_850,0.914596418259536
S_562_853,0.640698565387253
S_569_570,0.681978162334386
S_569_577,0.318823308104318
S_569_580,0.735653682912085
S_569_592,0.21451973935978
S_569_599,0.456122327700684
S_569_607,0.399610238539287
S_569_612,0.531429826550925
S_569_628,0.478923141520327
S_569_629,0.29545906589867
S_569_636,0.281729359621127
S_569_637,0.448507180871292
S_569_640,0.395081629954586
S_569_651,0.384102629089203
S_569_658,0.627120662270273
S_569_663,0.409179991671262
S_569_666,0.479486148592145
S_569_667,0.707812777982962
S_569_670,0.319373811176595
S_569_671,0.32103226383806
S_569_686,0.840595768728753
S_569_689,0.555841270176479
S_569_694,0.706751202270757
S_569_695,0.500502382447533
S_569_698,0.483749834941206
S_569_701,0.382804861642403
S_569_702,0.648433790029767
S_569_708,0.385181454912855
S_569_720,0.387444621422729
S_569_721,0.381634084679893
S_569_722,0.449418667825399
S_569_725,0.391233693019854
S_569_731,0.39148197523934
S_569_737,0.468162629735916
S_569_754,0.330452777123275
S_569_765,0.561330527156411
S_569_779,0.470415116513024
S_569_780,0.418993208528358
S_569_783,0.482631453582891
S_569_786,0.266748673329557
S_569_790,0.47954137479836
S_569_793,0.398348908867654
S_569_802,0.666081087834375
S_569_804,0.888733249611329
S_569_810,0.329465401120565
S_569_811,0.725607514624864
S_569_825,0.426916146966315
S_569_829,0.255891560933776
S_569_830,0.290466405870912
S_569_836,0.629509512767556
S_569_842,0.81547015151666
S_569_845,0.733196221725228
S_569_846,0.25410521219505
S_569_849,0.276237179753709
S_569_850,0.839094805472317
S_569_853,0.464761246264218
S_570_577,0.179158041756279
S_570_580,0.564789145947871
S_570_592,0.112968532297081
S_570_599,0.281134534144249
S_570_607,0.236860955863801
S_570_612,0.34592675048154
S_570_628,0.300013199063561
S_570_629,0.163571106238538
S_570_636,0.154625046820993
S_570_637,0.27496388398587
S_570_640,0.233459538166984
S_570_651,0.22529910310641
S_570_658,0.439548783339291
S_570_663,0.244117944552675
S_570_666,0.300487170077229
S_570_667,0.530439128986259
S_570_670,0.179530947900184
S_570_671,0.180655967943362
S_570_686,0.710906344203357
S_570_689,0.368518713448727
S_570_694,0.529161797607617
S_570_695,0.318457831859943
S_570_698,0.304089044661394
S_570_701,0.224342445366828
S_570_702,0.462392226902818
S_570_708,0.226095636253208
S_570_720,0.22777036480897
S_570_721,0.22348082726781
S_570_722,0.275698997343364
S_570_725,0.230585699545542
S_570_731,0.230770679267641
S_570_737,0.29102737140229
S_570_754,0.187092296774165
S_570_765,0.373714570747884
S_570_779,0.292896961788559
S_570_780,0.251658706191901
S_570_783,0.303142122991739
S_570_786,0.145038255572993
S_570_790,0.300533683218808
S_570_793,0.235911478862303
S_570_802,0.481916802045519
S_570_804,0.788346810916769
S_570_810,0.186414013143515
S_570_811,0.552202117925839
S_570_825,0.257821553717913
S_570_829,0.138201276511858
S_570_830,0.160300016593055
S_570_836,0.44207021630985
S_570_842,0.673284014180907
S_570_845,0.561689662411077
S_570_846,0.137085151840183
S_570_849,0.151089487487186
S_570_850,0.708607531923487
S_570_853,0.288215511631498
S_577_580,0.856027980761288
S_577_592,0.368487977770754
S_577_599,0.641808303279205
S_577_607,0.587125590690837
S_577_612,0.70787173903384
S_577_628,0.662583217598395
S_577_629,0.472569704814558
S_577_636,0.455935893806565
S_577_637,0.634710905842162
S_577_640,0.582533782350354
S_577_651,0.571264981444944
S_577_658,0.78229121804634
S_577_663,0.596722770771073
S_577_666,0.663087383468463
S_577_667,0.83807434837685
S_577_670,0.500633418155883
S_577_671,0.502538151814861
S_577_686,0.918478540892712
S_577_689,0.727799257258255
S_577_694,0.837377304626155
S_577_695,0.681612952706723
S_577_698,0.666891947310022
S_577_701,0.569920007280314
S_577_702,0.797597616953531
S_577_708,0.572380949447096
S_577_720,0.574715859415643
S_577_721,0.568704268574363
S_577_722,0.635564705477894
S_577_725,0.57860643315012
S_577_731,0.578860556808944
S_577_737,0.652866370354098
S_577_754,0.513258577176941
S_577_765,0.732187273036539
S_577_779,0.654913204091298
S_577_780,0.60641724956808
S_577_783,0.665896299307095
S_577_786,0.437332049060913
S_577_790,0.663136815362245
S_577_793,0.585849927428242
S_577_802,0.809951937194089
S_577_804,0.944645477324223
S_577_810,0.51214279116552
S_577_811,0.849621361254462
S_577_825,0.614138090085368
S_577_829,0.423542357835853
S_577_830,0.466566154495042
S_577_836,0.784028322984505
S_577_842,0.904230346010098
S_577_845,0.85446818700117
S_577_846,0.421248207303521
S_577_849,0.449171378935608
S_577_850,0.917639075057504
S_577_853,0.649762538419281
S_580_592,0.0893666329049078
S_580_599,0.231570806519817
S_580_607,0.193006959547386
S_580_612,0.289541040732538
S_580_628,0.248270655439472
S_580_629,0.130957914134811
S_580_636,0.123532108615093
S_580_637,0.226145802826129
S_580_640,0.190078445364027
S_580_651,0.183072218936122
S_580_658,0.376691430235315
S_580_663,0.19927118471433
S_580_666,0.248691924131447
S_580_667,0.465376858361976
S_580_670,0.144284561313592
S_580_671,0.145227807135012
S_580_686,0.654565397860597
S_580_689,0.310196961971633
S_580_694,0.464101348612605
S_580_695,0.264737290150833
S_580_698,0.25189651315791
S_580_701,0.182252681731899
S_580_702,0.398591439411812
S_580_708,0.183754872154879
S_580_720,0.185191024290674
S_580_721,0.18151488641737
S_580_722,0.226791226482272
S_580_725,0.187607921506004
S_580_731,0.187766837574462
S_580_737,0.240302564062338
S_580_754,0.150633972651596
S_580_765,0.314980681625109
S_580_779,0.241957502658841
S_580_780,0.205803815260277
S_580_783,0.251053485103143
S_580_786,0.115609454613992
S_580_790,0.248733270633408
S_580_793,0.192189003388434
S_580_802,0.417514215810946
S_580_804,0.74161264707731
S_580_810,0.150063465099505
S_580_811,0.487240352803157
S_580_825,0.211160587095512
S_580_829,0.109981270003418
S_580_830,0.128239028866027
S_580_836,0.379096185407287
S_580_842,0.613596212066475
S_580_845,0.496850159067441
S_580_846,0.109064209799123
S_580_849,0.120606072439778
S_580_850,0.652037859041311
S_580_853,0.237816402742808
S_592_599,0.754346582472798
S_592_607,0.709056101320276
S_592_612,0.805930138185654
S_592_628,0.770924031056437
S_592_629,0.605605579048032
S_592_636,0.589523045811338
S_592_637,0.748605635268194
S_592_640,0.705139324189998
S_592_651,0.695449822926497
S_592_658,0.860299249952324
S_592_663,0.717184277001759
S_592_666,0.771322185304063
S_592_667,0.898683207470234
S_592_670,0.632101423079935
S_592_671,0.633871430260973
S_592_686,0.950760270736061
S_592_689,0.820861380861289
S_592_694,0.898215380647453
S_592_695,0.785818674319627
S_592_698,0.774320497958124
S_592_701,0.694285942647086
S_592_702,0.87102537302538
S_592_708,0.696414327225259
S_592_720,0.698428808939071
S_592_721,0.693232529199108
S_592_722,0.749298374551321
S_592_725,0.701774908759217
S_592_731,0.701993011040828
S_592_737,0.763212169646185
S_592_754,0.643767868956045
S_592_765,0.824111745052734
S_592_779,0.764842717859987
S_592_780,0.725315951712133
S_592_783,0.773536910906861
S_592_786,0.571190978416366
S_592_790,0.771361212618312
S_592_793,0.707969786558932
S_592_802,0.879574482662781
S_592_804,0.966938333640001
S_592_810,0.642743014967621
S_592_811,0.906390920785365
S_592_825,0.731736179832287
S_592_829,0.557361481601434
S_592_830,0.599834038884944
S_592_836,0.861524104519558
S_592_842,0.94179668783184
S_592_845,0.90960269547273
S_592_846,0.555040400881971
S_592_849,0.582900006318685
S_592_850,0.950235214331712
S_592_853,0.760733385593795
S_599_607,0.442474338819256
S_599_612,0.574894361292979
S_599_628,0.522885472077384
S_599_629,0.333354304319063
S_599_636,0.318660112918936
S_599_637,0.492315403319386
S_599_640,0.437814194458732
S_599_651,0.426484914309879
S_599_658,0.667266447008321
S_599_663,0.452297288363869
S_599_666,0.523448243953651
S_599_667,0.742833495824913
S_599_670,0.358774373099848
S_599_671,0.360529048858694
S_599_686,0.862786705477365
S_599_689,0.598751108554476
S_599_694,0.741852752610179
S_599_695,0.544376141947558
S_599_698,0.527706528411491
S_599_701,0.42514279615294
S_599_702,0.687428624875801
S_599_708,0.427600133650056
S_599_720,0.4299382467624
S_599_721,0.423931472621807
S_599_722,0.4932362948966
S_599_725,0.433848557467334
S_599_731,0.434104598898077
S_599_737,0.512107958873262
S_599_754,0.37047616328817
S_599_765,0.604087781598915
S_599_779,0.514367390962495
S_599_780,0.462335381943407
S_599_783,0.526590182478497
S_599_786,0.302542823786086
S_599_790,0.523503441077695
S_599_793,0.44117713100452
S_599_802,0.704012012712614
S_599_804,0.904980389452318
S_599_810,0.369435184273315
S_599_811,0.759220937208885
S_599_825,0.470414323874444
S_599_829,0.290806627616963
S_599_830,0.328019426270122
S_599_836,0.669533634053161
S_599_842,0.840495157294202
S_599_845,0.766179581753596
S_599_846,0.288871162706203
S_599_849,0.312761477211939
S_599_850,0.861460256280939
S_599_853,0.508692680864511
S_607_612,0.630176637629374
S_607_628,0.579989905802192
S_607_629,0.386528844211397
S_607_636,0.370794441188998
S_607_637,0.549929351877861
S_607_640,0.495272205062324
S_607_651,0.483735444006998
S_607_658,0.716460864627753
S_607_663,0.509931967990977
S_607_666,0.58053935480811
S_607_667,0.784464253285641
S_607_670,0.413488730299165
S_607_671,0.415337672901347
S_607_686,0.887928778134392
S_607_689,0.652804607262251
S_607_694,0.783596023401073
S_607_695,0.600871794414111
S_607_698,0.58469224725788
S_607_701,0.482364691964156
S_607_702,0.73482672096788
S_607_708,0.484873801427337
S_607_720,0.487258497146393
S_607_721,0.481126785178444
S_607_722,0.550841082414581
S_607_725,0.491240890799836
S_607_731,0.491501398278931
S_607_737,0.569440154688987
S_607_754,0.425790088795843
S_607_765,0.657833199726931
S_607_779,0.571656158698475
S_607_780,0.520034678235541
S_607_783,0.583604313068177
S_607_786,0.353408016869483
S_607_790,0.580593237592382
S_607_793,0.498684993176394
S_607_802,0.74981063735705
S_607_804,0.923080429797716
S_607_810,0.424698540404678
S_607_811,0.798916971295335
S_607_825,0.528131497038167
S_607_829,0.34066242346008
S_607_830,0.380829116030044
S_607_836,0.718534244301031
S_607_842,0.869102098606885
S_607_845,0.805023003173109
S_607_846,0.338553544582654
S_607_849,0.3644469604908
S_607_850,0.886813493849573
S_607_853,0.56608615593086
S_612_628,0.447632077815144
S_612_629,0.269945043729061
S_612_636,0.256968519456509
S_612_637,0.417610713027284
S_612_640,0.365426858756841
S_612_651,0.354788610471194
S_612_658,0.597244958104637
S_612_663,0.3791302353562
S_612_666,0.448189939522291
S_612_667,0.681114770090976
S_612_670,0.292652473547761
S_612_671,0.294232152057929
S_612_686,0.822996478162829
S_612_689,0.524584031535033
S_612_694,0.68000004815873
S_612_695,0.469070602421443
S_612_698,0.45241721808553
S_612_701,0.3535330341786
S_612_702,0.619228893028943
S_612_708,0.355832670475379
S_612_720,0.358023812459161
S_612_721,0.35240066621414
S_612_722,0.418507058960202
S_612_725,0.361695051740901
S_612_731,0.361935733354227
S_612_737,0.436985025165207
S_612_754,0.303217441496813
S_612_765,0.530133039335844
S_612_779,0.439211386585322
S_612_780,0.388696905780611
S_612_783,0.451307949124742
S_612_786,0.242859291059773
S_612_790,0.448244665254239
S_612_793,0.368598330562586
S_612_802,0.637522679707871
S_612_804,0.875662529643214
S_612_810,0.302274704356006
S_612_811,0.699845963135012
S_612_825,0.396437854718774
S_612_829,0.232665986317353
S_612_830,0.26522122009658
S_612_836,0.599703035698775
S_612_842,0.795770798494909
S_612_845,0.707860290862756
S_612_846,0.230991441470918
S_612_849,0.251789829586949
S_612_850,0.821365014928221
S_612_853,0.433625471596203
S_628_629,0.313316697531962
S_628_636,0.29910946306676
S_628_637,0.469451421021467
S_628_640,0.415410258457117
S_628_651,0.404243853307787
S_628_658,0.646626097074072
S_628_663,0.429718720318603
S_628_666,0.500563982462665
S_628_667,0.724948502250911
S_628_670,0.337983460655502
S_628_671,0.339690320076455
S_628_686,0.851577174680681
S_628_689,0.576557707662103
S_628_694,0.723924901188172
S_628_695,0.521578326986337
S_628_698,0.504833315109544
S_628_701,0.40292255404933
S_628_702,0.667415597675541
S_628_708,0.405342018747723
S_628_720,0.407645100699362
S_628_721,0.401730297357517
S_628_722,0.470369169113719
S_628_725,0.411499014432976
S_628_731,0.411751458740064
S_628_737,0.489210527902328
S_628_754,0.349376611132247
S_628_765,0.581983480265378
S_628_779,0.491470700996691
S_628_780,0.439657962589042
S_628_783,0.503713750097843
S_628_786,0.283569464103066
S_628_790,0.500619301457977
S_628_793,0.418729281954685
S_628_802,0.684573571103681
S_628_804,0.896805558741175
S_628_810,0.348362110957844
S_628_811,0.742079918490968
S_628_825,0.447670577072905
S_628_829,0.272281946322996
S_628_830,0.308154263440194
S_628_836,0.648959935111574
S_628_842,0.827827941061901
S_628_845,0.749370414208476
S_628_846,0.270422760345401
S_628_849,0.293416874597586
S_628_850,0.850161181543133
S_628_853,0.485795905958541
S_629_636,0.483285377708463
S_629_637,0.659779556972903
S_629_640,0.608977212154271
S_629_651,0.597929538354426
S_629_658,0.800416611656119
S_629_663,0.622849323018028
S_629_666,0.687168459975441
S_629_667,0.852431576044255
S_629_670,0.528061763065967
S_629_671,0.529960103440635
S_629_686,0.926333332019693
S_629_689,0.749005800985387
S_629_694,0.851785405982833
S_629_695,0.704959071995968
S_629_698,0.690827882175641
S_629_701,0.596609145527901
S_629_702,0.814750440927749
S_629_708,0.599024816942828
S_629_720,0.601315578373414
S_629_721,0.595415293368562
S_629_722,0.660606094294805
S_629_725,0.605130004058563
S_629_731,0.605379041563788
S_629_737,0.677322492357638
S_629_754,0.540629766342135
S_629_765,0.753167897856454
S_629_779,0.679295959299571
S_629_780,0.632302747932009
S_629_783,0.689870507371385
S_629_786,0.464518372520036
S_629_790,0.687216025319899
S_629_793,0.612223130617222
S_629_802,0.826285809136593
S_629_804,0.950115953433809
S_629_810,0.539520432433719
S_629_811,0.863121981820629
S_629_825,0.639817400785952
S_629_829,0.450557881967073
S_629_830,0.493974345162218
S_629_836,0.802045689569219
S_629_842,0.91332843758126
S_629_845,0.867601479868923
S_629_846,0.448231181605666
S_629_849,0.476470450380031
S_629_850,0.925568196025455
S_629_853,0.674328250430378
S_636_637,0.674628687394526
S_636_640,0.624782661515484
S_636_651,0.61389841974305
S_636_658,0.810886945060177
S_636_663,0.638426972583429
S_636_666,0.701363262580379
S_636_667,0.860648228719632
S_636_670,0.544692534695101
S_636_671,0.546581419085455
S_636_686,0.930769304982319
S_636_689,0.76136911068625
S_636_694,0.860032129912254
S_636_695,0.718677106377884
S_636_698,0.704927938759836
S_636_701,0.612596491149616
S_636_702,0.824633559343733
S_636_708,0.614978208796453
S_636_720,0.617236066237549
S_636_721,0.611419137067897
S_636_722,0.675436896105335
S_636_725,0.620994178447101
S_636_731,0.621239473146663
S_636_737,0.691763657930506
S_636_754,0.557189037769817
S_636_765,0.765390409770655
S_636_779,0.693688746085253
S_636_780,0.647710785337517
S_636_783,0.703995517690349
S_636_786,0.481188368957334
S_636_790,0.701409607462063
S_636_793,0.627977528685374
S_636_802,0.83567763186627
S_636_804,0.953192177437527
S_636_810,0.556086857744479
S_636_811,0.870833585283737
S_636_825,0.655082316655791
S_636_829,0.467163960615647
S_636_830,0.510693275412758
S_636_836,0.812450585238271
S_636_842,0.918478606597636
S_636_845,0.875097232612628
S_636_846,0.464824053439177
S_636_849,0.493174334875533
S_636_850,0.9300467637083
S_636_853,0.688841859766802
S_637_640,0.445394413032777
S_637_651,0.434020414603254
S_637_658,0.674056133948511
S_637_663,0.459923120139286
S_637_666,0.531110417452741
S_637_667,0.748662002259356
S_637_670,0.365876734254693
S_637_671,0.367646230099792
S_637_686,0.866385561609586
S_637_689,0.60611360272474
S_637_694,0.747695937210242
S_637_695,0.551989821859029
S_637_698,0.535361009747239
S_637_701,0.432672472888436
S_637_702,0.69399556392424
S_637_708,0.435140388177371
S_637_720,0.437488218992519
S_637_721,0.431455797616236
S_637_722,0.500921083075344
S_637_725,0.441414026095153
S_637_731,0.441671049220166
S_637_737,0.519785191918514
S_637_754,0.377673735834234
S_637_765,0.611415904154435
S_637_779,0.522042253113618
S_637_780,0.469985229035076
S_637_783,0.534246787913039
S_637_786,0.30906855921456
S_637_790,0.531165521981956
S_637_793,0.448769096058216
S_637_802,0.710377333107274
S_637_804,0.907591111082645
S_637_810,0.37662463219972
S_637_811,0.764795633434285
S_637_825,0.478078985234498
S_637_829,0.297187083135692
S_637_830,0.334830871983108
S_637_836,0.676299500468354
S_637_842,0.844573355572762
S_637_845,0.771641625419606
S_637_846,0.295226830694507
S_637_849,0.319406685301025
S_637_850,0.865088462701598
S_637_853,0.516372902722119
S_640_651,0.488459689353515
S_640_658,0.720286908426693
S_640_663,0.514657009972356
S_640_666,0.585137477346494
S_640_667,0.787644648125695
S_640_670,0.418082505744643
S_640_671,0.419937282265015
S_640_686,0.889796948265376
S_640_689,0.657078490069003
S_640_694,0.786785747550977
S_640_695,0.605398530626144
S_640_698,0.589277053360782
S_640_701,0.487088180752265
S_640_702,0.738495393558252
S_640_708,0.48959862100624
S_640_720,0.491984360660858
S_640_721,0.485849529604404
S_640_722,0.555515501149368
S_640_725,0.495968017859474
S_640_731,0.49622858708046
S_640_737,0.574070680361253
S_640_754,0.430420235703127
S_640_765,0.662077224617912
S_640_779,0.576280585624069
S_640_780,0.524753094735502
S_640_783,0.588192670438135
S_640_786,0.357741438733842
S_640_790,0.585191191510315
S_640_793,0.503412872986524
S_640_802,0.753341592430754
S_640_804,0.924412521348555
S_640_810,0.429325692341002
S_640_811,0.801937949479139
S_640_825,0.532841820134194
S_640_829,0.344922930627175
S_640_830,0.385298412357415
S_640_836,0.722343152714233
S_640_842,0.871238590222172
S_640_845,0.807974296168289
S_640_846,0.342801389693329
S_640_849,0.368838527203782
S_640_850,0.88869792478725
S_640_853,0.570725560384816
S_651_658,0.729493563872816
S_651_663,0.526179607868094
S_651_666,0.596299326656217
S_651_667,0.795264427551757
S_651_670,0.429355681022055
S_651_671,0.431223408761434
S_651_686,0.894243435132679
S_651_689,0.667404957698595
S_651_694,0.794428302542788
S_651_695,0.61637265025892
S_651_698,0.600403586797931
S_651_701,0.498627673456971
S_651_702,0.74731297538419
S_651_708,0.501139478762719
S_651_720,0.503525975960309
S_651_721,0.49738813417152
S_651_722,0.566884409492983
S_651_725,0.50750972622601
S_651_731,0.50777025047399
S_651_737,0.585319267824108
S_651_754,0.441773529425437
S_651_765,0.672328229547641
S_651_779,0.587512745810882
S_651_780,0.536251982648154
S_651_783,0.599328606059808
S_651_786,0.368417670332955
S_651_790,0.59635259257476
S_651_793,0.514950828242781
S_651_802,0.761820032292094
S_651_804,0.927576015250117
S_651_810,0.440672451972496
S_651_811,0.809169113295179
S_651_825,0.544314948466797
S_651_829,0.355428317625159
S_651_830,0.396289600518942
S_651_836,0.731507356078049
S_651_842,0.87632979933469
S_651_845,0.815035906351353
S_651_846,0.353277007411309
S_651_849,0.379650170593702
S_651_850,0.893183431930006
S_651_853,0.581998165082407
S_658_663,0.291679646333265
S_658_666,0.353889555240241
S_658_667,0.590226250709916
S_658_670,0.218140604819075
S_658_671,0.219442859284268
S_658_686,0.758190324127825
S_658_689,0.426637530697864
S_658_694,0.588985535913558
S_658_695,0.373349366923767
S_658_698,0.357804126787732
S_658_701,0.269424579376715
S_658_702,0.523053082359685
S_658_708,0.271406803624777
S_658_720,0.273298635276114
S_658_721,0.268449741124602
S_658_722,0.326753849725304
S_658_725,0.276475241828137
S_658_731,0.276683796711607
S_658_737,0.343574304009743
S_658_754,0.226878423340169
S_658_765,0.43209212318822
S_658_779,0.345616900944008
S_658_780,0.3001062781856
S_658_783,0.356775691756786
S_658_786,0.177837816064549
S_658_790,0.353940152084438
S_658_793,0.282471803989544
S_658_802,0.542554090948563
S_658_804,0.826063674120267
S_658_810,0.226096017205335
S_658_811,0.611249068064423
S_658_825,0.30696888223131
S_658_829,0.169761696912409
S_658_830,0.19576067787645
S_658_836,0.502557254229891
S_658_842,0.724335372795014
S_658_845,0.620345699056053
S_658_846,0.168440505488044
S_658_849,0.184961449855524
S_658_850,0.756138527907656
S_658_853,0.340498577511078
S_663_666,0.570834031434107
S_663_667,0.777670281414693
S_663_670,0.40388709358724
S_663_671,0.405722801937893
S_663_686,0.883913526016557
S_663_689,0.64374525951288
S_663_694,0.776782471208224
S_663_695,0.591305726977795
S_663_698,0.575012670103931
S_663_701,0.472452024450126
S_663_702,0.727012591101658
S_663_708,0.474956882638952
S_663_720,0.477338000496262
S_663_721,0.471216398920341
S_663_722,0.540991910212305
S_663_725,0.481315424681743
S_663_731,0.481575650926007
S_663_737,0.559672806641035
S_663_754,0.416105458846365
S_663_765,0.648834480058907
S_663_779,0.561900405482422
S_663_780,0.510110757751867
S_663_783,0.573917857434064
S_663_786,0.344382333107452
S_663_790,0.570888239412117
S_663_793,0.488753612723935
S_663_802,0.742283195619332
S_663_804,0.920211410981602
S_663_810,0.415020793382277
S_663_811,0.792458040557223
S_663_825,0.518219891680349
S_663_829,0.331795215779559
S_663_830,0.371505493154439
S_663_836,0.710429201696706
S_663_842,0.864515251370063
S_663_845,0.798710787054308
S_663_846,0.329713779487
S_663_849,0.355294266705516
S_663_850,0.88276355948649
S_663_853,0.55630200673832
S_666_667,0.72449844557465
S_666_670,0.337478879328853
S_666_671,0.339184496121408
S_666_686,0.851291813503618
S_666_689,0.576006852253052
S_666_694,0.723473808501838
S_666_695,0.521015367534783
S_666_698,0.504269379198567
S_666_701,0.402379950368567
S_666_702,0.66691465518002
S_666_708,0.404798365810103
S_666_720,0.407100473497628
S_666_721,0.401188220434353
S_666_722,0.469807204890734
S_666_725,0.410952810421155
S_666_731,0.411205153779015
S_666_737,0.488646821779338
S_666_754,0.348863984052902
S_666_765,0.581434559041377
S_666_779,0.490906893499037
S_666_780,0.439102269976241
S_666_783,0.503149794024025
S_666_786,0.28311137796699
S_666_790,0.500055319072598
S_666_793,0.41818030040074
S_666_802,0.684086239395089
S_666_804,0.896596595870483
S_666_810,0.347850176582377
S_666_811,0.741647903649171
S_666_825,0.447112838019426
S_666_829,0.271835175770868
S_666_830,0.307673518056395
S_666_836,0.648445836857634
S_666_842,0.827506168025327
S_666_845,0.748946479615428
S_666_846,0.269977908658099
S_666_849,0.292949385390326
S_666_850,0.849873577886398
S_666_853,0.485232396700682
S_667_670,0.162269780298903
S_667_671,0.163308163899923
S_667_686,0.685223613443549
S_667_689,0.340630877470183
S_667_694,0.498718117118163
S_667_695,0.292602994237192
S_667_698,0.278923353179128
S_667_701,0.203843255821675
S_667_702,0.432263263850528
S_667_708,0.20547868732105
S_667_720,0.207041557810592
S_667_721,0.203039758962338
S_667_722,0.252031903990071
S_667_725,0.209670242095253
S_667_731,0.209843019163728
S_667_737,0.266528636241735
S_667_754,0.169254107299421
S_667_765,0.34564875786423
S_667_779,0.268300403284534
S_667_780,0.229401704070614
S_667_783,0.278023488897917
S_667_786,0.130565673745907
S_667_790,0.27554572346618
S_667_793,0.214647709594194
S_667_802,0.451584272251302
S_667_804,0.767291789633698
S_667_810,0.168627079116789
S_667_811,0.521902198172328
S_667_825,0.235190801623523
S_667_829,0.124311724029652
S_667_830,0.144562045398166
S_667_836,0.412250016792567
S_667_842,0.645923649153536
S_667_845,0.53148703628129
S_667_846,0.123291724650818
S_667_849,0.136109213604919
S_667_850,0.682811696875223
S_667_853,0.263865383269928
S_670_671,0.501904745908104
S_670_686,0.918288628992822
S_670_689,0.72729702784194
S_670_694,0.837031982636005
S_670_695,0.681062850216936
S_670_698,0.666328861239594
S_670_701,0.569298865723983
S_670_702,0.79718828320166
S_670_708,0.571760691457873
S_670_720,0.574096468130748
S_670_721,0.568082701855192
S_670_722,0.634977648983663
S_670_725,0.577988547424788
S_670_731,0.578242772093625
S_670_737,0.652291936896588
S_670_754,0.512625583150934
S_670_765,0.731690155079696
S_670_779,0.654340364427241
S_670_780,0.605812361225838
S_670_783,0.665332374797748
S_670_786,0.436708680305306
S_670_790,0.662570593368575
S_670_793,0.585235049226157
S_670_802,0.809561622962123
S_670_804,0.944512841144476
S_670_810,0.511509727116262
S_670_811,0.849297359806641
S_670_825,0.613537505676593
S_670_829,0.422923870762502
S_670_830,0.465935621946898
S_670_836,0.783598992528992
S_670_842,0.904010710517752
S_670_845,0.854152835752872
S_670_846,0.420630625818969
S_670_849,0.448544587366539
S_670_850,0.9174473833132
S_670_853,0.649185728675303
S_671_686,0.917715113673828
S_671_689,0.725783287184247
S_671_694,0.835990005693636
S_671_695,0.679405597001647
S_671_698,0.664632747311775
S_671_701,0.567429721827272
S_671_702,0.795953657069501
S_671_708,0.569894159729642
S_671_720,0.572232500342345
S_671_721,0.566212301657826
S_671_722,0.633209895132418
S_671_725,0.576129036893005
S_671_731,0.576383560748138
S_671_737,0.650561889420455
S_671_754,0.510721868623454
S_671_765,0.730191753668358
S_671_779,0.652615081143311
S_671_780,0.60399145142144
S_671_783,0.663633752544496
S_671_786,0.434835357799601
S_671_790,0.66086509862165
S_671_793,0.583384453552831
S_671_802,0.80838421508364
S_671_804,0.944112185991835
S_671_810,0.509605823566096
S_671_811,0.848319593651995
S_671_825,0.61172941022191
S_671_829,0.421065478502288
S_671_830,0.464040208896938
S_671_836,0.782304231560191
S_671_842,0.903347529206293
S_671_845,0.853201127027359
S_671_846,0.418774997803821
S_671_849,0.446660752467513
S_671_850,0.916868497993323
S_671_853,0.647448579254819
S_686_689,0.191798385130695
S_686_694,0.313671467319878
S_686_695,0.159673681677491
S_686_698,0.150883146715845
S_686_701,0.105238550625523
S_686_702,0.259127997820819
S_686_708,0.10618839249164
S_686_720,0.10709785896064
S_686_721,0.104772579061165
S_686_722,0.134041519177583
S_686_725,0.108631453880643
S_686_731,0.108732425569789
S_686_737,0.143049480696992
S_686_754,0.0855825718692575
S_686_765,0.195273097238029
S_686_779,0.144161744763611
S_686_780,0.120301799542107
S_686_783,0.150310258122145
S_686_786,0.0645342056045803
S_686_790,0.148736200938389
S_686_793,0.111548855801916
S_686_802,0.274451303506053
S_686_804,0.602333863258997
S_686_810,0.0852337148600872
S_686_811,0.333984617059338
S_686_825,0.12377993461566
S_686_829,0.0612203814722108
S_686_830,0.0720386371249495
S_686_836,0.243690006902349
S_686_842,0.455936111482787
S_686_845,0.342591302943818
S_686_846,0.0606821844349469
S_686_849,0.0674918226161924
S_686_850,0.497210224613555
S_686_853,0.141382243260253
S_689_694,0.658216529481061
S_689_695,0.444654901737681
S_689_698,0.428169290088154
S_689_701,0.331377669068684
S_689_702,0.595767690495982
S_689_708,0.333607560708383
S_689_720,0.335733173866437
S_689_721,0.33028000946457
S_689_722,0.394766338432513
S_689_725,0.33929664574009
S_689_731,0.339530350928608
S_689_737,0.412940470931611
S_689_754,0.282835720002274
S_689_765,0.505565499301101
S_689_779,0.415134656038942
S_689_780,0.365584072050004
S_689_783,0.427073105247021
S_689_786,0.225223323348435
S_689_790,0.424047189406115
S_689_793,0.346004161056025
S_689_802,0.614486905842468
S_689_804,0.864545235808076
S_689_810,0.28193071166717
S_689_811,0.678775236462709
S_689_825,0.373145694765867
S_689_829,0.215559494965783
S_689_830,0.246490032927604
S_689_836,0.575862794123455
S_689_842,0.779310500162255
S_689_845,0.6871006290749
S_689_846,0.213973736909891
S_689_849,0.233705520791071
S_689_850,0.806465853123438
S_689_853,0.409631277974775
S_694_695,0.293665453805742
S_694_698,0.279955798910768
S_694_701,0.204676674569066
S_694_702,0.433522057463777
S_694_708,0.206317059825299
S_694_720,0.207884638536415
S_694_721,0.203870733806538
S_694_722,0.252999734869978
S_694_725,0.210521185106095
S_694_731,0.210694476450571
S_694_737,0.26753222456214
S_694_754,0.169976299690185
S_694_765,0.346809399445368
S_694_779,0.269308213484467
S_694_780,0.230309390883423
S_694_783,0.279053892785527
S_694_786,0.131148846995295
S_694_790,0.276570462101804
S_694_793,0.2155133450116
S_694_802,0.452854451101152
S_694_804,0.768206083451465
S_694_810,0.169347141427523
S_694_811,0.52318147767659
S_694_825,0.236114375983533
S_694_829,0.124870975810483
S_694_830,0.145197293493232
S_694_836,0.413492976634636
S_694_842,0.647095471068827
S_694_845,0.532763629449883
S_694_846,0.123847036653186
S_694_849,0.136713253740806
S_694_850,0.683921177059505
S_694_853,0.264862564639106
S_695_698,0.483247999533445
S_695_701,0.382330191272845
S_695_702,0.647975546042249
S_695_708,0.384705674473413
S_695_720,0.386967804979826
S_695_721,0.381159969502164
S_695_722,0.448921477238673
S_695_725,0.390755188116253
S_695_731,0.391003361710903
S_695_737,0.467662316193374
S_695_754,0.330008312576748
S_695_765,0.560835642429347
S_695_779,0.469914522698404
S_695_780,0.41850409243783
S_695_783,0.482129694855675
S_695_786,0.266355805871293
S_695_790,0.479039854068891
S_695_793,0.397867389140035
S_695_802,0.665633984883501
S_695_804,0.888534378970833
S_695_810,0.329021612001716
S_695_811,0.725207233259484
S_695_825,0.42642457011395
S_695_829,0.255509111824089
S_695_830,0.29005242478907
S_695_836,0.629040713581762
S_695_842,0.81516756849884
S_695_845,0.732802934167538
S_695_846,0.25372452256371
S_695_849,0.275835594636291
S_695_850,0.838823304378057
S_695_853,0.464261394586179
S_698_701,0.398280149150877
S_698_702,0.66311021967711
S_698_708,0.400690444831817
S_698_720,0.402985007926614
S_698_721,0.397092493518664
S_698_722,0.465555585850915
S_698_725,0.406825122712754
S_698_731,0.407076683077991
S_698_737,0.484380470958972
S_698_754,0.34499467790764
S_698_765,0.577272642911144
S_698_779,0.486639589007684
S_698_780,0.434900592989645
S_698_783,0.498880354598993
S_698_786,0.279658127236233
S_698_790,0.495785935892953
S_698_793,0.414031043672839
S_698_802,0.680383939653448
S_698_804,0.895002523347739
S_698_810,0.343986174528788
S_698_811,0.738362184674431
S_698_825,0.442895034962953
S_698_829,0.268467958536481
S_698_830,0.304047735981142
S_698_836,0.644542886345955
S_698_842,0.825054817850082
S_698_845,0.745721758876857
S_698_846,0.266625273490314
S_698_849,0.289424581991385
S_698_850,0.847681586397477
S_698_853,0.480967817304272
S_701_702,0.748348150279261
S_701_708,0.502511789594634
S_701_720,0.504898207697736
S_701_721,0.498760442942608
S_701_722,0.568231684841028
S_701_725,0.508881686637614
S_701_731,0.509142187072718
S_701_737,0.586651011921702
S_701_754,0.443127678270683
S_701_765,0.673536397181461
S_701_779,0.588842393866657
S_701_780,0.537616823509807
S_701_783,0.60064605583101
S_701_786,0.369695878770259
S_701_790,0.597673258863727
S_701_793,0.516321815259756
S_701_802,0.762814638924013
S_701_804,0.92794391648423
S_701_810,0.442025898259352
S_701_811,0.810015305447197
S_701_825,0.545676163902925
S_701_829,0.356686911154777
S_701_830,0.397603633001107
S_701_836,0.73258411129982
S_701_842,0.876923481311401
S_701_845,0.815862003715022
S_701_846,0.354532173085889
S_701_849,0.380943844227843
S_701_850,0.893706021098516
S_701_853,0.583332982363938
S_702_708,0.253548695697023
S_702_720,0.255359675940246
S_702_721,0.250719248706731
S_702_722,0.306787421596299
S_702_725,0.25840191603073
S_702_731,0.258601710394434
S_702_737,0.323073279511307
S_702_754,0.21110130567543
S_702_765,0.409605088656782
S_702_779,0.325054349274913
S_702_780,0.281088321617643
S_702_783,0.335890017662649
S_702_786,0.164744284354416
S_702_790,0.333134500839563
S_702_793,0.264149593442422
S_702_802,0.519577832234633
S_702_804,0.812403661045986
S_702_810,0.210358504038735
S_702_811,0.589110125105623
S_702_825,0.287694800371932
S_702_829,0.157149124231949
S_702_830,0.181639088820299
S_702_836,0.479499337601431
S_702_842,0.705534068329742
S_702_845,0.598384423794848
S_702_846,0.155907658784727
S_702_849,0.171452807528673
S_702_850,0.738723896366113
S_702_853,0.320091587669134
S_708_720,0.502386535551839
S_708_721,0.496248700066761
S_708_722,0.565764979411568
S_708_725,0.506370465516007
S_708_731,0.506631006555938
S_708_737,0.584212537462422
S_708_754,0.440649801689395
S_708_765,0.671323317958141
S_708_779,0.586407732989799
S_708_780,0.535118306604651
S_708_783,0.598233600727619
S_708_786,0.367357742581063
S_708_790,0.595254946634702
S_708_793,0.513812290713158
S_708_802,0.760992009248159
S_708_804,0.927269222314007
S_708_810,0.439549319673655
S_708_811,0.808464312124441
S_708_825,0.543184192210051
S_708_829,0.354384791341204
S_708_830,0.395199661210758
S_708_836,0.730611216163452
S_708_842,0.87583498252135
S_708_845,0.814347801765915
S_708_846,0.352236345730724
S_708_849,0.378577297562153
S_708_850,0.892747795187965
S_708_853,0.580888917798084
S_720_721,0.493862384305657
S_720_722,0.563418257959128
S_720_725,0.503984172255109
S_720_731,0.504244739698379
S_720_737,0.581891835154716
S_720_754,0.438298224230868
S_720_765,0.669213527196946
S_720_779,0.584090560420257
S_720_780,0.532742747874005
S_720_783,0.595937030310353
S_720_786,0.365141967217255
S_720_790,0.592952934791443
S_720_793,0.511427261892553
S_720_802,0.759251389936343
S_720_804,0.926622784151697
S_720_810,0.437199024730286
S_720_811,0.806981728535797
S_720_825,0.540814482119906
S_720_829,0.352203702027047
S_720_830,0.392920252407824
S_720_836,0.72872821375776
S_720_842,0.874793120052091
S_720_845,0.812900219953337
S_720_846,0.350061309625701
S_720_849,0.376334105422276
S_720_850,0.89183032017944
S_720_853,0.578563046832882
S_721_722,0.569447747151508
S_721_725,0.510120798001078
S_721_731,0.510381273556841
S_721_737,0.587852824287581
S_721_754,0.44435154324507
S_721_765,0.674625700512418
S_721_779,0.59004228721862
S_721_780,0.538849134706453
S_721_783,0.601834794666425
S_721_786,0.370851996198886
S_721_790,0.59886493698566
S_721_793,0.517559951237966
S_721_802,0.763710556084382
S_721_804,0.928274741519126
S_721_810,0.443249142349234
S_721_811,0.810777158655206
S_721_825,0.546905098229262
S_721_829,0.357825441956494
S_721_830,0.398791806197252
S_721_836,0.733554332308572
S_721_842,0.877457618151422
S_721_845,0.816605719519945
S_721_846,0.355667628589415
S_721_849,0.382113812173515
S_721_850,0.894176113150853
S_721_853,0.584537609838144
S_722_725,0.440505784857812
S_722_731,0.440762696433138
S_722_737,0.518865484046811
S_722_754,0.376808174157579
S_722_765,0.610540197079929
S_722_779,0.52112288544861
S_722_780,0.469067566604016
S_722_783,0.533329910290684
S_722_786,0.30828234086109
S_722_790,0.530247912097085
S_722_793,0.447857854900057
S_722_802,0.709618725506876
S_722_804,0.90728164329755
S_722_810,0.375760023133011
S_722_811,0.764132236476058
S_722_825,0.477159746836276
S_722_829,0.296418122583406
S_722_830,0.334010799636063
S_722_836,0.675492407774734
S_722_842,0.8440891014377
S_722_845,0.77099175577534
S_722_846,0.294460817149395
S_722_849,0.318606295389936
S_722_850,0.864657883576821
S_722_853,0.515452751806435
S_725_731,0.500260585071094
S_725_737,0.578009471868592
S_725_754,0.434378578963552
S_725_765,0.665676134330121
S_725_779,0.580213884806426
S_725_780,0.528773589994393
S_725_783,0.592093661769286
S_725_786,0.361455553374868
S_725_790,0.589100753007375
S_725_793,0.507444445365632
S_725_802,0.756326257497134
S_725_804,0.925531783188388
S_725_810,0.433281626865929
S_725_811,0.804487190541661
S_725_825,0.536854281647865
S_725_829,0.348576190934392
S_725_830,0.389125287476849
S_725_836,0.725566268992522
S_725_842,0.873037083900361
S_725_845,0.81046420649225
S_725_846,0.346444063316843
S_725_849,0.372601014261047
S_725_850,0.890283263159866
S_725_853,0.574672366983261
S_731_737,0.577755209261349
S_731_754,0.434122499903627
S_731_765,0.665444119954487
S_731_779,0.579959985202769
S_731_780,0.528513860107342
S_731_783,0.591841892870917
S_731_786,0.361215010307685
S_731_790,0.588848419582583
S_731_793,0.507183916039179
S_731_802,0.756134106127544
S_731_804,0.925459910401014
S_731_810,0.433025699405233
S_731_811,0.80432319134129
S_731_825,0.536595102366739
S_731_829,0.348339543212152
S_731_830,0.388877544736721
S_731_836,0.725358669532682
S_731_842,0.872921502486338
S_731_845,0.810304038709203
S_731_846,0.346208093799729
S_731_849,0.37235737924862
S_731_850,0.890181406993911
S_731_853,0.57441757413084
S_737_754,0.359251132917183
S_737_765,0.592445857297661
S_737_779,0.50226100538522
S_737_780,0.450318051221017
S_737_783,0.514500898026205
S_737_786,0.292419996796664
S_737_790,0.51140846863303
S_737_793,0.429270672876954
S_737_802,0.693819117791039
S_737_804,0.900732372736551
S_737_810,0.358223746641637
S_737_811,0.750254813854642
S_737_825,0.458366021853801
S_737_829,0.280918320846218
S_737_830,0.317432136267628
S_737_836,0.658728970995075
S_737_842,0.833893369008383
S_737_845,0.757389780145475
S_737_846,0.279022774874278
S_737_849,0.302445007332371
S_737_850,0.855577095347489
S_737_853,0.496583283545115
S_754_765,0.721658170525131
S_754_779,0.642828061517322
S_754_780,0.593687422210418
S_754_783,0.653992578953176
S_754_786,0.424324981701236
S_754_790,0.651186278924644
S_754_793,0.57292336973779
S_754_802,0.801651940779456
S_754_804,0.941805316992031
S_754_810,0.498883494976611
S_754_811,0.842717425635051
S_754_825,0.601493879180216
S_754_829,0.410646099840539
S_754_830,0.453390223019251
S_754_836,0.774910794670564
S_754_842,0.899537075403776
S_754_845,0.847746895100753
S_754_846,0.408372317438775
S_754_849,0.43608509466229
S_754_850,0.913540079662083
S_754_853,0.637596831325864
S_765_779,0.409739683031914
S_765_780,0.360436198863528
S_765_783,0.421634831665615
S_765_786,0.221362272649899
S_765_790,0.418619293588561
S_765_793,0.340983809793911
S_765_802,0.609199724663431
S_765_804,0.861916874720752
S_765_810,0.277445637656557
S_765_811,0.67390184805097
S_765_825,0.367953099896953
S_765_829,0.211818820485722
S_765_830,0.242378456405474
S_765_836,0.570416217766521
S_765_842,0.775457800099342
S_765_845,0.68229442866802
S_765_846,0.210253204924512
S_765_849,0.229742176607668
S_765_850,0.802967361359382
S_765_853,0.404258390517431
S_779_780,0.448080374601487
S_779_783,0.512241498069804
S_779_786,0.290552199918787
S_779_790,0.509148407166153
S_779_793,0.427056327921765
S_779_802,0.691894485069302
S_779_804,0.899920773099108
S_779_810,0.356147193279614
S_779_811,0.748556368565868
S_779_825,0.45612153840287
S_779_829,0.279095012059089
S_779_830,0.315475807576895
S_779_836,0.656692905833924
S_779_842,0.832636840002435
S_779_845,0.75572405912571
S_779_846,0.277207026323084
S_779_849,0.300540374785894
S_779_850,0.854455966085452
S_779_853,0.494322453600946
S_780_783,0.563998420541279
S_780_786,0.335308088624602
S_780_790,0.560952227751448
S_780_793,0.478652564596665
S_780_802,0.734469930590302
S_780_804,0.917190651116322
S_780_810,0.405235723078781
S_780_811,0.785726828185649
S_780_825,0.508115113693192
S_780_829,0.322889291049499
S_780_830,0.362111302606304
S_780_836,0.702037865934164
S_780_842,0.859707335712519
S_780_845,0.792129174560494
S_780_846,0.320836898468036
S_780_849,0.346084275865383
S_780_850,0.878512215689019
S_780_853,0.546296667600639
S_783_786,0.280561226273272
S_783_790,0.496905522891801
S_783_793,0.415118007895288
S_783_802,0.68135707316875
S_783_804,0.895422645907895
S_783_810,0.344997516493965
S_783_811,0.739226449980142
S_783_825,0.444000358497874
S_783_829,0.269348433222421
S_783_830,0.304996248389824
S_783_836,0.645568298529342
S_783_842,0.825700313773687
S_783_845,0.746570057640552
S_783_846,0.267501914739083
S_783_849,0.290346507545844
S_783_850,0.848258950696881
S_783_853,0.482085935760901
S_786_790,0.716933529964452
S_786_793,0.645389082605583
S_786_802,0.845755960046648
S_786_804,0.956438729237848
S_786_810,0.574583720048265
S_786_811,0.879067733660289
S_786_825,0.671888115613061
S_786_829,0.485940854351737
S_786_830,0.529481184956306
S_786_836,0.823652871705345
S_786_842,0.923940741932604
S_786_845,0.883096067939092
S_786_846,0.483592255352291
S_786_849,0.511992125164534
S_786_850,0.934788834925356
S_786_853,0.704744139330278
S_790_793,0.418126463628836
S_790_802,0.684038416928673
S_790_804,0.896576079292832
S_790_810,0.3477999816504
S_790_811,0.741605503452778
S_790_825,0.447058138508227
S_790_829,0.271791378373272
S_790_830,0.307626385883571
S_790_836,0.648395392209226
S_790_842,0.827474580822723
S_790_845,0.748904871705022
S_790_846,0.269934299569618
S_790_849,0.292903554522543
S_790_850,0.849845343395079
S_790_853,0.485177126065092
S_793_802,0.750796095409978
S_793_804,0.923453077955636
S_793_810,0.425984230489948
S_793_811,0.799760661006042
S_793_825,0.529442147235341
S_793_829,0.341844877312001
S_793_830,0.382070199489564
S_793_836,0.719596825432472
S_793_842,0.869699338928239
S_793_845,0.805847299621112
S_793_846,0.339732450157586
S_793_849,0.365666185600357
S_793_850,0.887340398710862
S_793_853,0.567377741242023
S_802_804,0.800169396820037
S_802_810,0.197638890134346
S_802_811,0.570020922134923
S_802_825,0.271909183768831
S_802_829,0.147047745105169
S_802_830,0.170281554858647
S_802_836,0.459985745615934
S_802_842,0.688998285600995
S_802_845,0.579418480373329
S_802_846,0.145872268734166
S_802_849,0.160607201495535
S_802_850,0.723321002385201
S_802_853,0.303285243448335
S_804_810,0.0579503911174549
S_804_811,0.248726304523911
S_804_825,0.0853086298243346
S_804_829,0.0412768843154181
S_804_830,0.0487539481818194
S_804_836,0.175410974815566
S_804_842,0.356196027782666
S_804_845,0.255980348225241
S_804_846,0.0409063737260227
S_804_849,0.0456045523322931
S_804_850,0.394996270780182
S_804_853,0.0980522802208036
S_810_811,0.843308468583808
S_810_825,0.602563894687185
S_810_829,0.411727379117251
S_810_830,0.454497256182361
S_810_836,0.775688820777772
S_810_842,0.899939951331692
S_810_845,0.84832243983259
S_810_846,0.409451769123589
S_810_849,0.437183669062295
S_810_850,0.913892176204522
S_810_853,0.638628147936466
S_811_825,0.219789381680523
S_811_829,0.115078671079027
S_811_830,0.134055182247565
S_811_836,0.391184357381032
S_811_842,0.62562749737068
S_811_845,0.509611351418163
S_811_846,0.114124557201475
S_811_849,0.126126126653383
S_811_850,0.663528557701145
S_811_853,0.247193119520586
S_825_829,0.315832970947069
S_825_830,0.354646779726954
S_825_836,0.695202940168367
S_825_842,0.855746006198754
S_825_845,0.786733048825277
S_825_846,0.313804644039866
S_825_849,0.33877467202877
S_825_850,0.875004663795248
S_825_853,0.538239019922811
S_829_830,0.543468263653393
S_829_836,0.831675154271633
S_829_842,0.92780070026297
S_829_845,0.888779346043245
S_829_846,0.497649231910431
S_829_849,0.526033713776786
S_829_850,0.938135121958538
S_829_853,0.71631263732615
S_830_836,0.805844766284381
S_830_842,0.915217571240333
S_830_845,0.870345812096096
S_830_846,0.454199688457837
S_830_849,0.482486172709913
S_830_850,0.927211807669592
S_830_853,0.679599270895464
S_836_842,0.722288210061413
S_836_845,0.617933623261827
S_836_846,0.167012587285201
S_836_849,0.183424371560709
S_836_850,0.754247413427434
S_836_853,0.338205298253701
S_842_845,0.383420799814763
S_842_846,0.0715719438856143
S_842_849,0.0795001822997319
S_842_850,0.541294418149784
S_842_853,0.16422216144585
S_845_846,0.110294540036864
S_845_849,0.121948782395774
S_845_850,0.654890993839464
S_845_853,0.240107729451529
S_846_849,0.528377535133884
S_846_850,0.938678614760524
S_846_853,0.718219546121155
S_849_850,0.931802454517105
S_849_853,0.694663860377494
S_850_853,0.142742326323794
